{
  "session_duration": 48.68787503242493,
  "hands_played": 0,
  "hands_won": 0,
  "total_profit": 0.0,
  "actions_taken": 0,
  "decisions_made": 0,
  "errors_count": 0,
  "avg_capture_time": 4.4677369594573975,
  "avg_decision_time": 12.261894702911377,
  "total_cycles": 0,
  "timestamp": "2025-07-29 12:09:09"
}