{
  "session_duration": 60.40639352798462,
  "hands_played": 0,
  "hands_won": 0,
  "total_profit": 0.0,
  "actions_taken": 20,
  "decisions_made": 21,
  "errors_count": 0,
  "avg_capture_time": 0.09666907787322998,
  "avg_decision_time": 0.0006176062992640904,
  "total_cycles": 20,
  "timestamp": "2025-07-27 11:04:29"
}